Processes,Resolution,ExecutionTime
1,500,0.134459
1,1000,0.314499
1,5000,7.827054
